{
    "name": "ThreeRed workflow",
    "nodes": [
      {
        "id": "Webhook",
        "name": "Webhook",
        "type": "n8n-nodes-base.webhook",
        "typeVersion": 2.1,
        "position": [ 0, 0 ],
        "parameters": {
          "httpMethod": "GET",
          "path": "e180aa1d-bf2c-4901-9a74-96c63003a209",
          "responseMode": "responseNode"
        }
      },
      {
        "id": "ExecuteCommand",
        "name": "Execute Command",
        "type": "n8n-nodes-base.executeCommand",
        "typeVersion": 1,
        "position": [ 400, 0 ],
        "parameters": {
          "command": "\"C:\\\\Program Files\\\\AutoHotkey\\\\v2\\\\AutoHotkey64.exe\" \"C:\\\\Users\\\\admin\\\\Documents\\\\AutoHotkey\\\\threered.ahk\""
        }
      },
      {
        "id": "RespondToWebhook",
        "name": "Respond to Webhook",
        "type": "n8n-nodes-base.respondToWebhook",
        "typeVersion": 1,
        "position": [ 600, 0 ],
        "parameters": {
          "options": {
            "responseHeaders": {
              "entries": [
                {
                  "name": "Access-Control-Allow-Origin",
                  "value": "*"
                },
                {
                  "name": "Access-Control-Allow-Methods",
                  "value": "GET, POST, OPTIONS"
                },
                {
                  "name": "Access-Control-Allow-Headers",
                  "value": "Content-Type"
                }
              ]
            }
          }
        }
      }
    ],
    "connections": {
      "Webhook": {
        "main": [
          [
            {
              "node": "Execute Command",
              "type": "main",
              "index": 0
            }
          ]
        ]
      },
      "Execute Command": {
        "main": [
          [
            {
              "node": "Respond to Webhook",
              "type": "main",
              "index": 0
            }
          ]
        ]
      }
    },
    "active": false,
    "settings": {},
    "id": "three-red-import"
  }
  