{
  "name": "BadRed workflow",
  "nodes": [
    {
      "id": "Webhook",
      "name": "Webhook",
      "type": "n8n-nodes-base.webhook",
      "typeVersion": 2.1,
      "position": [ 0, 0 ],
      "parameters": {
        "httpMethod": "GET",
        "path": "937ad9c1-19be-4a95-a9f3-615eb4b68fb5",
        "responseMode": "responseNode"
      }
    },
    {
      "id": "ExecuteCommand",
      "name": "Execute Command",
      "type": "n8n-nodes-base.executeCommand",
      "typeVersion": 1,
      "position": [ 400, 0 ],
      "parameters": {
        "command": "\"C:\\\\Program Files\\\\AutoHotkey\\\\v2\\\\AutoHotkey64.exe\" \"C:\\\\Users\\\\admin\\\\Documents\\\\AutoHotkey\\\\redclick.ahk\""
      }
    },
    {
      "id": "RespondToWebhook",
      "name": "Respond to Webhook",
      "type": "n8n-nodes-base.respondToWebhook",
      "typeVersion": 1,
      "position": [ 600, 0 ],
      "parameters": {
        "options": {
          "responseHeaders": {
            "entries": [
              {
                "name": "Access-Control-Allow-Origin",
                "value": "*"
              },
              {
                "name": "Access-Control-Allow-Methods",
                "value": "GET, POST, OPTIONS"
              },
              {
                "name": "Access-Control-Allow-Headers",
                "value": "Content-Type"
              }
            ]
          }
        }
      }
    }
  ],
  "connections": {
    "Webhook": {
      "main": [
        [
          {
            "node": "Execute Command",
            "type": "main",
            "index": 0
          }
        ]
      ]
    },
    "Execute Command": {
      "main": [
        [
          {
            "node": "Respond to Webhook",
            "type": "main",
            "index": 0
          }
        ]
      ]
    }
  },
  "active": false,
  "settings": {},
  "id": "bad-red-import"
}
