{
  "name": "My workflow",
  "nodes": [
    {
      "id": "Webhook",
      "name": "Webhook",
      "type": "n8n-nodes-base.webhook",
      "typeVersion": 2,
      "position": [ 0, 0 ],
      "parameters": {
        "httpMethod": "GET",
        "path": "937ad9c1-19be-4a95-a9f3-615eb4b68fb5"
      }
    },
    {
      "id": "ExecuteCommand",
      "name": "Execute Command",
      "type": "n8n-nodes-base.executeCommand",
      "typeVersion": 1,
      "position": [ 400, 0 ],
      "parameters": {
        "command": "\"C:\\\\Program Files\\\\AutoHotkey\\\\v2\\\\AutoHotkey64.exe\" \"C:\\\\Users\\\\a\\\\Documents\\\\AutoHotkey\\\\redclick.ahk\""
      }
    }
  ],
  "connections": {
    "Webhook": {
      "main": [
        [
          {
            "node": "Execute Command",
            "type": "main",
            "index": 0
          }
        ]
      ]
    }
  },
  "active": false,
  "settings": {},
  "id": "my-workflow-import"
}
