{
  "name": "ProBot workflow",
  "nodes": [
    {
      "id": "Webhook",
      "name": "Webhook",
      "type": "n8n-nodes-base.webhook",
      "typeVersion": 2.1,
      "position": [ 0, 0 ],
      "parameters": {
        "httpMethod": "GET",
        "path": "probot-webhook-2024-01",
        "responseMode": "responseNode"
      }
    },
    {
      "id": "SetParameters",
      "name": "Set Parameters",
      "type": "n8n-nodes-base.set",
      "typeVersion": 3.3,
      "position": [ 200, 0 ],
      "parameters": {
        "assignments": {
          "assignments": [
            {
              "id": "betType",
              "name": "betType",
              "value": "={{ $json.query.betType || '' }}",
              "type": "string"
            },
            {
              "id": "betValue",
              "name": "betValue",
              "value": "={{ $json.query.betValue || '' }}",
              "type": "string"
            }
          ]
        },
        "options": {}
      }
    },
    {
      "id": "ExecuteCommand",
      "name": "Execute Command",
      "type": "n8n-nodes-base.executeCommand",
      "typeVersion": 1,
      "position": [ 400, 0 ],
      "parameters": {
        "command": "\"C:\\\\Program Files\\\\AutoHotkey\\\\v2\\\\AutoHotkey64.exe\" \"C:\\\\Users\\\\Administrator\\\\Documents\\\\AutoHotkey\\\\probot.ahk\" \"{{ $json.betType }}\" \"{{ $json.betValue }}\""
      }
    },
    {
      "id": "RespondToWebhook",
      "name": "Respond to Webhook",
      "type": "n8n-nodes-base.respondToWebhook",
      "typeVersion": 1,
      "position": [ 600, 0 ],
      "parameters": {
        "options": {
          "responseHeaders": {
            "entries": [
              {
                "name": "Access-Control-Allow-Origin",
                "value": "*"
              },
              {
                "name": "Access-Control-Allow-Methods",
                "value": "GET, POST, OPTIONS"
              },
              {
                "name": "Access-Control-Allow-Headers",
                "value": "Content-Type"
              }
            ]
          }
        }
      }
    }
  ],
  "connections": {
    "Webhook": {
      "main": [
        [
          {
            "node": "Set Parameters",
            "type": "main",
            "index": 0
          }
        ]
      ]
    },
    "Set Parameters": {
      "main": [
        [
          {
            "node": "Execute Command",
            "type": "main",
            "index": 0
          }
        ]
      ]
    },
    "Execute Command": {
      "main": [
        [
          {
            "node": "Respond to Webhook",
            "type": "main",
            "index": 0
          }
        ]
      ]
    }
  },
  "active": false,
  "settings": {}
}

