{
    "name": "AwesomeBot workflow",
    "nodes": [
      {
        "id": "Webhook",
        "name": "Webhook",
        "type": "n8n-nodes-base.webhook",
        "typeVersion": 2.1,
        "position": [ 0, 0 ],
        "parameters": {
          "httpMethod": "GET",
          "path": "e180aa1d-bf2c-4901-9a74-96c63003a208",
          "responseMode": "responseNode"
        }
      },
      {
        "id": "SetBetValue",
        "name": "Set Bet Value",
        "type": "n8n-nodes-base.set",
        "typeVersion": 3.3,
        "position": [ 200, 0 ],
        "parameters": {
          "assignments": {
            "assignments": [
              {
                "id": "betValue",
                "name": "betValue",
                "value": "={{ $json.query.bet || '10' }}",
                "type": "string"
              }
            ]
          },
          "options": {}
        }
      },
      {
        "id": "ExecuteCommand",
        "name": "Execute Command",
        "type": "n8n-nodes-base.executeCommand",
        "typeVersion": 1,
        "position": [ 400, 0 ],
        "parameters": {
          "command": "\"C:\\\\Program Files\\\\AutoHotkey\\\\v2\\\\AutoHotkey64.exe\" \"C:\\\\Users\\\\Administrator\\\\Documents\\\\AutoHotkey\\\\awesomebot.ahk\" \"{{ $json.betValue }}\""
        }
      },
      {
        "id": "RespondToWebhook",
        "name": "Respond to Webhook",
        "type": "n8n-nodes-base.respondToWebhook",
        "typeVersion": 1,
        "position": [ 600, 0 ],
        "parameters": {
          "options": {
            "responseHeaders": {
              "entries": [
                {
                  "name": "Access-Control-Allow-Origin",
                  "value": "*"
                },
                {
                  "name": "Access-Control-Allow-Methods",
                  "value": "GET, POST, OPTIONS"
                },
                {
                  "name": "Access-Control-Allow-Headers",
                  "value": "Content-Type"
                }
              ]
            }
          }
        }
      }
    ],
    "connections": {
      "Webhook": {
        "main": [
          [
            {
              "node": "Set Bet Value",
              "type": "main",
              "index": 0
            }
          ]
        ]
      },
      "Set Bet Value": {
        "main": [
          [
            {
              "node": "Execute Command",
              "type": "main",
              "index": 0
            }
          ]
        ]
      },
      "Execute Command": {
        "main": [
          [
            {
              "node": "Respond to Webhook",
              "type": "main",
              "index": 0
            }
          ]
        ]
      }
    },
    "active": false,
    "settings": {}
  }
  